gene	baseMean	log2FoldChange	lfcSE	stat	pvalue	padj
ENSG00000160191	76881.08578557857	3.069716744739677	0.1552917718125874	19.76741400339188	5.681445650150187e-87	1.3010510538843927e-84
ENSG00000154734	22848.019017692543	3.4402821440920035	0.17884734312616232	19.235858268608233	1.8544792036898416e-82	2.1233786882248685e-80
ENSG00000154723	7339.23015054179	2.5801388991384777	0.16386935116351992	15.745097425593885	7.421672826300693e-56	5.665210257409528e-54
ENSG00000180509	30211.206290384882	2.941289425942679	0.20022791706107107	14.689706955526901	7.503760200361386e-49	4.2959027147068937e-47
ENSG00000183145	9987.494363626816	2.8892084510368243	0.24864601022386415	11.619765981507507	3.2703080728131224e-31	1.49780109734841e-29
ENSG00000276289	11786.836065146643	2.8587357796947988	0.4641026171441373	6.159706224640735	7.288001653494877e-10	2.7815872977505444e-8
ENSG00000277277	724.3230324919008	0.9258116882577152	0.26407562163818216	3.5058582178638105	4.551375949172776e-4	0.014889501319436654
